,comment_id,product_id,guid,content,create_time,reference_id,reference_time,score,nickname,user_level,is_mobile,user_client
0,11325014668,5225342,675f117d-0016-4af4-a1e7-36919ebc1630,"上午下单的，下午竟然就到了。很速度阿。表扬送货的小哥。
电脑用了以后感觉很cool，色彩也很好，唯一的遗憾是，背景灯取消了。不过重在使用，哈哈。
touch bar的话，可有可无，有了反而没有F1到F12键了，不知道以后要用f键要怎么搞。。。
前排提示要预先买一个type c转换的.不然u盘都没法插，还有us/b的任何东西没地方用上。 
送的电脑包好丑丑哦，还是自己买个好了，噗哈哈哈。希望这是个耐用的机子，对京东还是比较满意了。
顺便问下还招运营小姐姐嘛，我同学在贵司做内容运营，好想跳槽丫，嘤嘤嘤嘤",2018-03-19 21:43:12,4335099,2018-03-19 09:35:19,5,小狐狸Lisa,PLUS会员,True,来自京东iPhone客户端
1,11353805089,5225342,07384415-67f1-4a68-ab1e-189c65590e39,用了一段时间，感觉吧 还挺好的，屏幕无敌，触控板很舒服。刚开始还不适应苹果系统，适应了之后会发现它很简洁便捷，还是个学生，不玩游戏~软件专业，新手~目前在我手里还发挥不了多大性能，剁手割肉狠心买了一台，工作后也用不着换了。希望不久后能学有所成发挥这太电脑的价值，作为生产力高效的完成工作。 太贵了！！此电脑不适合玩游戏，不适合没耐心适应macos的人，适合专业人士工作用，当然，钱多任性的拿来娱乐的当我没说~~个人使用感受评价，不喜勿喷。,2018-03-29 20:53:58,4335127,2018-03-13 10:23:17,5,A***7,金牌会员,True,来自京东Android客户端
2,11290933311,5225342,fcf04354-3530-418f-9f59-950916104c12,整体还是很不错的，还没真正开始用，只说等一感觉！心痛早了一天，多花四旧水?，不过也无所谓了！花得出去就赚得回来！,2018-03-08 10:43:52,5225342,2018-03-07 17:09:41,5,小***0,PLUS会员,True,来自京东iPhone客户端
3,11187561347,5225342,bd042aa4-331d-44b3-b9e7-c2ef8a7dbc8a,验证了是正品，质保期限满的，带bar的好用，和同事的比，速度快，轻便，打算做独立游戏开发用的，希望我能赚到钱。散热不错，电池一般般，有时候关盖子一晚上20百分比电量就没了，有时候又不会这样，整体满意。,2018-01-24 23:06:00,4331155,2018-01-13 10:58:59,5,jd_137643tdg,钻石会员,True,来自京东Android客户端
4,10949870092,5225342,646db5b9-5fa0-45a3-a458-54c54c723b94,关注很久了～总之设计狗必备～买了没多久还在熟悉中，不知道没有鼠标，又在官网买了鼠标，后来发现又要买转换器&hellip;买个电脑，电脑等一天，鼠标等一天，转换器等一天，被寄几蠢哭了，所以有需要的宝宝们买的时候记得买全套～很好用，用ps很稳，苹果电脑真心不愧是完虐其他电脑，,2017-11-10 22:20:23,4331153,2017-11-01 14:14:12,5,王***2,钻石会员,True,来自京东iPhone客户端
5,10924841825,5225342,533b9a14-f75b-42ec-89b3-329ea6d79b1d,我感觉超级好 主要是被她的颜值折服哈哈哈 开心 性能也一定很好！毕竟pro！,2017-11-04 19:03:34,4331151,2017-11-03 22:15:24,5,j***1,银牌会员,True,来自京东Android客户端
6,10969112170,5225342,e947e629-c158-41d6-9479-94d00b8b25bb,不错(*?&acute;ts`?)?很有质感！屏幕无敌！,2017-11-14 14:06:52,4335021,2017-11-11 11:08:54,5,阿***n,钻石会员,True,来自京东Android客户端
7,10561082045,5225342,4fd817cc-9e93-4555-9a06-7dd7a1aefcbd,这款电脑不错 有就是插孔太少了 买的人记得买一个usb-c的转接口 因为只有两个usb-c接口和一个耳机接口 苹果系统很好用 就是win10系统盘内存太大了 装一个dnf和LOL就满了 usb3.0也识别不了 苹果系统的safari浏览器浏览有些网页显示不出来 还有插件每次都要问你要不要用 我装了双系统 感觉内存好小 平时上上网是很不错的选择 苹果标志的这一版面并没有灯 而是一块镜子 做工和显示屏很给力 因为我之前去专卖店看过苹果笔记本air的显示器 air有点沙粒 有点模糊 这款不会 去官网查询序列号是7月20的保修期 不知道为什么 反正我是过了618才买的 建议大家买的时候再买个鼠标 买个转接线 然后买个内胆包 好好保护一下 充电器充的时候太发热了 不知道是不是个人原因 洗完澡过来 充着电的电脑有点静电的感觉 建议各位同学玩游戏就不要买这款了 因为这款不配有散热器的 稍微玩一下下游戏就会发热 烫猪蹄啦 而且对电脑也会有损伤 键盘很好按 平时用机械键盘玩游戏的我 用这款键盘也能快速尔精准的打出每一个字 就是左下角的fn键有点不舒服。不知道干嘛用的 总而言之同学们做设计用这款笔记本倍棒,2017-06-26 13:50:01,4335021,2017-06-21 23:50:09,5,a***9,钻石会员,True,来自京东iPhone客户端
8,11012932305,5225342,d29a9f10-d69d-4bea-9c16-76bd250b7424,没话说，小伙伴双11前在某B 买的，我双11京东下的单，只比他贵几百，但是我比他多了一个京东的售后支撑，至少我心里是放心的，另外第一次体验京尊达&hellip;好像真的是专车，因为送货的小哥是正装白手套，哈哈，让我虚荣心得到了满足，每个电商都有或多或少的毛病，反正我相信京东，确实不行还有京东售后嘛，退呗，换呗，最后一点希望京东不要放弃老客户，不要一门心思的发展plus会员了，我们这些老客户给你的支持不必买你一个会员少吧,2017-11-25 18:25:40,4331155,2017-11-01 08:24:07,5,贫***哼,PLUS会员,True,来自京东iPhone客户端
9,11557922088,5225342,b7518d40-42e0-414e-984f-74a36c1cc681,6月1号当天购买 首先觉得价格比较合适 重点是还可以白条6期免息 免息是重点 6.1当天是10488 并没有其他优惠券 就是这个价格进行的分期免息，东西都没毛病 都很好 重点是 因为是大额商品 所以默认使用京准达，因为看见当天可选择送达18前就可以送达。所以就填写了公司地址 当天周五 刚好公司收到 周末可以在家研究一下， 都晚上7点多了根本无任何配送信息，中间联系客服 各种官方话术在那绕弯子，然后后来给了个站点电话 ，站点负责人说今天肯定到不了 因为当时都快晚上八点了，就莫名的火大，如果你不能预估送达时间就提示一下用户 ，我完全可以写家里地址，然后我和站点人员说给我送家里地址吧，然后站点人员承诺第二天上午就可以送来，后来又被站点配送员把货带出来了，并且快递员快要配送到我单位了，单位都没人送毛线啊 最后自己晚上去站点拿的，客服当时说可以给我返100京东，搞笑呢我等了那么多时间，我的时间只值1块钱？就想说京东的快递送达时间 如果不能按照预定时间送达。 就不要把时间摆在那误导用户，最终客服反了20元无门槛优惠券，虽然还是觉得这件事觉得很令人恶心,2018-06-05 17:19:20,4331185,2018-06-01 10:37:48,5,心***你,钻石会员,True,来自京东iPhone客户端
10,11457778675,5225342,29810936-c96f-4cc4-b07a-44bd2089a018,很不错，使用苹果系统，让人从以前习惯的Windows系统中抽离出来，学习一种新的，很有新鲜感，电脑也很快，硬件和软件融合度好，带touchbar的不错，很多时候非常方便，指纹解锁和支付很便捷，点赞。,2018-05-05 20:26:10,4335099,2018-04-29 20:56:27,5,j***1,PLUS会员,True,来自京东iPhone客户端
11,11257523419,5225342,faf21ce5-8618-4e46-83ab-e5850aa03075,13919入手！心心念念的苹果本，全家桶基本算是凑齐了！系统需要稍微学习一下。但适应之后超级好用。感觉以我的使用强度应该是用不到鼠标的。自己去外面贴了屏幕膜，建议买个壳，因为我家里养猫。怕把外面划伤。感觉用它应该能战个七八年没啥问题了。,2018-02-23 19:43:59,4335129,2018-02-11 12:24:46,5,岳***B,PLUS会员,True,来自京东iPhone客户端
12,11431895665,5225342,f9b1aeb4-8c6a-4fd1-b3f7-b837d7dadd75,"是新的包装，快递员蛮好，用起来不错。
基本没有认真评论过，不知道浪费了多少积分，这 个福利真的很不错，妥妥每次都写100多字，这是 第N次在网上买东西了，棒棒棒,好厉害好厉害, 东西便宜质量好，物美价廉，买的放心，用的放 心，开心，感觉都买上瘾了,买买买根本停不下来， 东西多而且又全，划算，方便，实惠，包装也好， 没有任何损坏，会一直支持下去的。足不出户就可 以买到所有日常生活需要的食物、日用品及生鲜水 果，简直是太合适了来基本没有认真评论过，不知 道浪费了多少积分，这个福利真的很不错，值得购 买，特意分享给大家。",2018-04-26 15:14:55,5225342,2018-04-21 16:36:22,5,s***6,金牌会员,True,来自京东iPhone客户端
13,10976075423,5225342,5fd4d74d-9903-4b45-a56f-69de4a63c90d,超牛 超炫 赶上双十一  收到后迫不及待的打开  本本是一如既往的好  苹果不愧是行业老大  东西摆在那里  货真价实   喜欢? 再次感谢老板！,2017-11-15 21:01:00,4335129,2017-11-11 11:42:09,5,长***茶,钻石会员,True,来自京东iPhone客户端
14,11411091812,5225342,17bb4dc8-97c8-476b-86e4-a20764d42834,"快递很准时，穿着西装打着领带的快递员好帅！！包装很好。在我的要求下快递员帮我打开盒子检查电脑表面，表面无划痕完美。电脑操作检验等我儿子下班回家弄，经过他这几天的使用各方面反应良好。客服回答问题很及时，由于我买的第二天店里有活动，联系客服后在他的指导下及时做了价保，多余的钱也按时退还到付款账户，非常满意的一次购物。
      送货当天我还在看评论，看到有质量不好却不能得到及时解决，我心里还是有点后悔在网上买，毕竟第一次在京东买上万的物品，怕电脑有质量问题被客服扯皮得不到妥善解决。还好我的电脑非常好没问题（截止今天评论）。所以，非常希望京东售后越来越好，顾客有问题都可以得到及时完善的解决，让顾客解除后顾之忧，那么京东的生意一定会越来越好，我们顾客买东西也能越来越方便越来越放心！！",2018-04-19 13:38:50,5225342,2018-04-11 15:40:38,5,l***p,金牌会员,True,来自京东iPhone客户端
15,11047732158,5225342,f42de7c6-0850-4e47-9145-b94d7d8c2d9d,完全被它的颜值征服了，特意用相机拍了一组照片，对于喜欢摄影的我来说，单反一直是我的小老婆，现在MacBook pro是我的小小老婆了，拍照前期是谱曲后期是演奏，一定要有一个好的后期输出设备，Retina屏简直惊艳到爆。之前看大家都在评论说触控板很好用，没亲自体验之前觉得大家在夸大其词，现在简直爱上这块超大触控板了，单手操作的效率可以媲美触控屏，可以完全抛弃鼠标。第一次开机的时候默认桌面壁纸和店铺首页图片还有大家晒单的照片壁纸不一样，检查了序列号是没问题的，电池循环次数1，我猜应该是后来新生产的机器都是这个壁纸吧，不知道大家有没有和我一样的。最后，花了很多钱买了一个电子产品，贵肯定是有贵的道理，能用它创造出价值来就是值得的。,2017-12-07 00:45:30,4331185,2017-12-04 12:24:47,5,家***堡,PLUS会员,True,来自京东Android客户端
16,10853989379,5225342,6e34028d-58a9-4ce4-84c6-b5cbd47ecd0f,"机子贵的要死，买了还不敢说。老子真的是砸锅卖铁搞一台。以前用过一段时间，简直无敌。。外观 续航 逼格  OS 开发 。。入手一上午 感觉触摸板双指明明是滚轮操作怎么没反应  好像成了缩放，应该是还要设置啥子东西。触控板 真**大，感觉有时候还是有误触的识别，以为触摸板坏了。吓死老子了。。。
17款键盘键程确实短，不过适应一段时间个人觉得没问题，接口依旧如网上所说太少，只有两个超级前瞻的雷电3接口+3.5mm耳机口  。要哭的是我没多的设备接雷电3，真**是有钱人的玩意。好了 我要去搬砖了。

第一台 apple  第一台  mac  第一台 mbp 。  祝我好运～～ 哈哈 peace",2017-10-12 13:13:43,4331185,2017-10-10 22:31:32,5,user_PANG,金牌会员,False,
17,11524250831,5225342,91373811-9c3f-4773-b458-23dd46368645,终于到了  在购物车呆了一个月  今天终于到手了   首先快递是真快  京东就是不一样 专车送 档次高啊  然后  打开后  也没损坏  性能的话  用一段时间再说,2018-05-27 11:54:56,4331151,2018-05-26 18:52:32,5,我***闪,PLUS会员,True,来自京东iPhone客户端
18,11078045713,5225342,117e8ced-84d3-4438-a266-008b66bdd8ea,东西非常不错，很喜欢，加上之前在京东买的鼠标耳机，棒棒哒，12.13立即下手免息购买，非常棒，虽然中间有些小插曲，但是还是很好的，第一次用mac，感觉太爽了，跟windows不是一个级别的，哈哈,2017-12-16 17:09:42,4331155,2017-12-13 07:59:51,5,冬love宁,PLUS会员,True,来自京东iPhone客户端
19,11073641773,5225342,c50612b0-5b6c-4c16-9035-23588a1f70c3,关注挺久了，颜值高，耐搞，性能就不用说了，用过苹果手机的人用完都不想换其他品牌手机了。说实话苹果每革新一代产品，背后各种各样的吐槽，但是看了人家每年的销售额，是不是感觉被打脸。其他的不多说了感觉17款的pro无论从外观还是从体验上都比16款以前的好多了，薄，轻，按键体验也不错，我个人吐槽的唯一不完美的，充电器为什么取消了三孔了？usb接口也取消了，估计是因为太薄的原因，现在都用iPhone7以上手机了 为什么不能和手机上的耳机接口做成一致的呢？不过总体感觉还不错，厉害了我的果,2017-12-15 10:26:31,5225342,2017-12-13 06:43:27,5,Z***e,金牌会员,True,来自京东iPhone客户端
20,10562625816,5225342,a03e0931-a7e5-4949-8e9a-bfed98b3b276,"618以九三爸爸加六期白条免息买入，在出来16款pro之前喜欢air的外形轻薄还有Pro的Retina，新款出来之后又纠结带不带bar，年华在纠结中老去，去体验店上手体验一两次，等618等着等着又出来了17款Pro，128G性价比超高，等到618一降价毫不犹豫入手，兼具air的外形和一直以来Pro系列的Retina的惊艳，比16款提高了CPU，128G对文字处理完全够用，开机全部120G,可用100G,装了常用软件，还剩95G,到货之前还纠结要不要买转接器外接鼠标和键盘，之后完全不纠结了，触控板功能强大而华丽，比之前那个用了三四年的鼠标方便N倍，用了两天就感觉完全不需要鼠标了，还有键盘，大家都说键程短不好用，可能我适应力太强了吧，之前一直用机械键盘，转换到这个本的键盘并没有太多不适应，两天下来打字也习惯了，只比air多20g的重量，单手抓起毫不费力，之后又买了倍晶的银色壳，六十六元自营那款，上下盖加厚一厘米，仍然感觉轻薄，放包里背着感觉好轻，生怕被人拿走了也感觉不到。也就一个周末我就放弃了我的Dell老成就本，背着我的mbp开心愉快上班去，快超字数了，意犹未尽。。。",2017-06-26 21:08:38,4335021,2017-06-18 00:03:57,5,j***p,PLUS会员,True,来自京东Android客户端
21,10974136280,5225342,179dd87b-5598-42f3-aaec-2213b7a99c23,对比了很久，也去实体店体验了，本着买新不买旧的原则，就买了这一款。13的屏幕的确刚刚好，256G也刚刚好，有着touch bar也是刚刚好,2017-11-15 14:06:41,4331155,2017-11-11 00:02:06,5,泡***凉,PLUS会员,True,来自京东iPhone客户端
22,11373159298,5225342,8dcd0158-c059-4291-bc33-1ade781ecc76,产品包装精致，系统允许速度快。,2018-04-05 21:06:12,4331185,2018-04-05 02:48:34,5,麦***金,PLUS会员,True,来自京东iPhone客户端
23,10923060847,5225342,01136345-b63d-47b8-829e-74a03cf82598,很不错吧，但是还是建议大家买256g的，不然你一定会后悔的！！！正面的都有啦，给大家看看侧面。急换电脑的同学不建议你们购买，因为适应期真的很长。大家可以装一个虚拟机，这样双系统起来比较稳定，当然我舍友的电脑还是崩了一次。。。保佑大家有好运吧，我现在是老电脑微软和这架一起使用，哎，真的别虚荣，真的别当颜狗。选择适合自己的低价的可能一时不爽，但是追求一些不适合自己的东西可能会长期不爽。别喷，真心话。。。。,2017-11-04 10:58:38,4331151,2017-11-01 11:44:09,5,j***l,金牌会员,True,来自京东iPhone客户端
24,11078043457,5225342,e3f522e5-c8a9-4bdc-8669-29b1dbaec832,挺好的，除了续航确实是个问题，大幅缩水外，其他方面都非常满意～touchbar虽然是个玩具，但确实能提高用户体验，比如指纹解锁，比如siri，挺方便的。另外友情提示一句，我拿朋友的无bar版的同时从满电，差不多运行相同的软件，无bar74%的时候，有bar51%，无bar版的续航确实比有bar版的好很多，以上。,2017-12-16 17:09:15,4331155,2017-12-13 07:22:23,5,暖***丶,PLUS会员,True,来自京东iPhone客户端
25,11529615739,5225342,fde85a68-0e14-4388-8f05-fe940baca93c,"买了一个多月了，现在来评论一下14.2k买的512gb带touchbar。以前用过两台旧款的，这个键盘不如旧款，太硬了，像敲桌子，但对我无所谓。
续航很棒，下午两点coding到8点，还剩45%的电
没有纯看视频统计过时间。
只有typec接口太麻烦了，一个都没有。。。。

不是最薄的，不是最轻的，性能不是最强的，但用来用去，我还是选择MacBook Pro，因为
触控板天下无敌！！！！！做工就是艺术品",2018-05-28 22:52:09,4335129,2018-04-18 00:25:06,5,京***官,PLUS会员,True,来自京东iPhone客户端
26,11657701112,5225342,84527700-4d93-464d-a07c-a1be3b9951be,"在mac和国产机里面纠结，最终决定了买Pro.理由无非是大家都知道的：系统流畅，方便携带，体验感好。咬牙狠心买了带touch-bar的，都是入了电子产品买信不买旧的大坑啊！bar的确好玩儿，但个人的建议是，对于非程序员的普通用户来讲，预算不够的话入手不带bar的就行。目前贫民窟小公主已开始狂吃土&hellip;&hellip;
因为急着入手，617秒杀12599入手，幸好没有等到618，已经涨成了13000+，凌晨下单下午送到，京尊达还是保持了速度。但是开机激活之后就开始闪屏花屏，心都痛了，看评论很多人都出现过这个问题。机子验证没问题，应该是真机，不过序列号验证保修期是错的，电话技术支持已失效，打了苹果客服第二天就修改过了。目前使用体验都挺好的，续航没有官方宣传的那么好，但是也不错，要知道配置与续航肯定是成反比的。使用过程中出现过两个问题：一、重启开机密码怎么输都不正确完全进入不了系统，各种折腾第二天才让客服指导下解决了这个问题。二、截屏常常出现在屏幕上留下去不掉的小图标这个问题，开什么页面都会有遮挡，很恶心，除非重启才消失掉&hellip;&hellip;秒杀或者活动的时候，还是很值得入手的，苹果的品控还是可以的。",2018-06-30 16:07:09,4335099,2018-06-17 00:03:01,4,眉***寞,钻石会员,True,来自京东iPhone客户端
27,11430424428,5225342,1f32e4ec-a543-44fa-939d-590304b65f49,帮别人下的单，经典版MacBook pro，没得话说，性价比之王。性能外观各方面完全满意，至今没听到朋友说有什么问题。反正对于apple，基本没有什么疑虑，它贵有它贵的道理。没照片，就放几个自己最近买的magicbook照片好了,2018-04-26 00:29:20,5225342,2018-04-18 13:05:11,5,j***n,PLUS会员,True,来自京东Android客户端
28,11077937070,5225342,4c3df264-1d2f-416f-8655-c707f6fdc8a9,很不错哦,2017-12-16 16:35:18,5225342,2017-12-15 22:46:37,5,李***李,PLUS会员,True,来自京东iPhone客户端
29,11312247740,5225342,72c31744-3b5b-4e65-b3a8-95d7c5edab2b,除了刚开始没多久touchbar调音量，自动滑动静音。已解决 其他没什么问题 很轻很美用着很酷很舒服,2018-03-15 15:30:48,4335099,2018-02-26 12:26:48,5,慵***p,金牌会员,True,来自京东Android客户端
30,10940682397,5225342,cb62f635-57ce-4ab7-9fb7-312551389667,暗恋MacBook Pro有一两年了，2017款出来果断拿下。外观方面没有挑剔的地方，用了两天感觉硬件一切正常短时间是看不出来的，软件方面比如谷歌浏览器可能兼容性不太好，会出现死机。现在改用自带的浏览器一切正常。本人喜欢比较细腻的东西，就比如这台Mac，价格虽然贵了点，但是每一个细心的人值得拥有一台。Store里面的软件App比较少。电源循环2次，全负何容量：4400。15寸有点大了13寸我觉得刚刚好。欢迎大家来西藏做客！,2017-11-08 17:24:48,4335099,2017-11-01 14:39:02,5,此***星,钻石会员,True,来自京东iPhone客户端
31,11241277600,5225342,9bd16fc0-dfdd-46b0-88f9-96491dc146fd,2012年在京东买了第一台联想笔记本电脑，Y480  6K多，用了6年了，还是杠杠的，现在放在自己办公室当做台式机用！现在一直使用苹果产品！真心觉得不错！从最初到现在以及未来以后！苹果系统真是杠杠的！最初iPhone也是4S～iPhoneX现在，一直在京东购买！京东真心不错！使用京东6年的时间+过程，一直在体验，从最小做到现在规模怎么大！希望越来越好！,2018-02-12 02:00:32,4335101,2018-02-03 19:59:16,5,木***巴,钻石会员,True,来自京东iPhone客户端
32,11436429236,5225342,b3c9117f-af97-4494-8479-e461726a1878,昨天晚上激活了，然后用了两个多小时，感觉流畅，非常舒服，屏幕非常清楚，但是唯一的一点缺陷就是现在还没找到这个文件夹的位置，以及，他这个鼠标的，滚轮键跟windows的是三相的，是往下就是往上，往上就是往下，这一点很令人类，还有窗口问的是窗口在右边，这个在左边，所以这个有点不适应，总的来说还不错。,2018-04-28 08:29:51,5225342,2018-04-26 08:15:38,5,d***a,PLUS会员,True,来自京东iPhone客户端
33,11132121635,5225342,3ec48fd3-6d3a-4b2e-b9a1-f536ed806160,"选择了商务范儿的深空灰，果然没错，逼格高冷，特别喜欢。一分钱一分货，完全没有三四千块电脑的那种塑料感，是高级的金属质感。
       刚刚开始摸索苹果系统，确实操作比较人性化，摸索过程对我来说就像开发一个新玩具，哈。
       另外不得不表扬一下京东的快递服务，因为买的是贵重物品，所以京东安排的是&ldquo;尊享版&rdquo;的送货服务，送货小哥穿着黑色毛呢风衣外套，单手捧着盒子站在公司前台等我，真的挺帅的！全程笑容服务，棒棒哒！",2018-01-04 22:12:30,4331155,2018-01-03 11:42:12,5,巫***下,钻石会员,True,来自京东iPhone客户端
34,11262389240,5225342,da2487a5-fb33-4316-94e0-b5c3ad8549e8,还是专人穿西装给我送过来的，哈哈，被这个服务态度给惊呆了，在天**我都没见过这样的服务态度啊！这个电脑我也是考虑了好久才买的，说实话这个价格确实很贵啊，我第一次买苹果笔记本电脑使用，只是有点儿不习惯这个键盘，其他的还好吧！服务态度当然没得说，和**都差不多咯。我主要是买来开发用的，很喜欢苹果的做工，做工是我遇见所有数码产品中最好的，就一个苹果手机螺丝都有50多颗。确实做到了模块化设计！买电脑如果想稳定还是要买集成的内存和硬盘，这样链接性能好，?。使用了几天，没出现任何问题，这个价格也是非常的固定啊，全国统一一个价格，和官网同步！不过电商还是能优惠一些，第一次买这么贵的东西，相信京东的货，在**都没有任何的赠品，在这里还送了个包包，不错哈！?。下次再来买咯。,2018-02-25 23:59:52,4335101,2018-02-23 19:17:06,5,触***白,金牌会员,True,来自京东Android客户端
35,11072070143,5225342,cffff38e-947e-4e74-94f3-b2cf751620e9,送货及时速度飞快，还在熟悉中，棒棒哒,2017-12-14 19:34:37,4331151,2017-12-13 12:47:01,5,J***i,PLUS会员,True,来自京东iPhone客户端
36,10786337183,5225342,53f5f7da-2d0f-4016-957d-1fc44545eed8,618直降1000，加上抢到的-618券，分六期免息入手。第一次用苹果的电脑系统，需要重新习惯各种操作，慢慢摸索。外观很漂亮，工业设计很棒。背光logo没有了，磁吸式充电口取消是个遗憾。4个U-C接口，目前来说还是需要转接线。基本上不需要关机，合上屏幕就行，打开，指纹识别，立马就能用。还有很多无法一次说清，总之，自己喜欢的东西，有能力就尽量去争取。,2017-09-16 08:31:35,4331155,2017-06-18 23:37:33,5,Y***n,PLUS会员,True,来自京东iPhone客户端
37,10526266457,5225342,2e88e75f-1b77-491d-a5fd-4a2071b73cec,"电脑还可以，第一次用mac正在摸索中。
首先，win用户是不太习惯的。
触摸板挺好用的。
屏幕亮度调整没变化，不知道是不是电脑问题。
这一款没有指纹识别。欢天喜地的以为有呢，略显失望。
开机后安装软件电脑发热的厉害，是不是没有散热器的。
还有。送的京豆怎么那么少。我看别人买的都送了几万京豆。
电脑挺轻薄，从商场看了，比老款的好看许多。",2017-06-18 15:16:59,4331185,2017-06-18 00:10:25,5,尔***木,PLUS会员,True,来自京东Android客户端
38,10537194836,5225342,47ea69c4-24e0-41f4-920e-8ce6dca88e39,1万多的电脑，就是1万多电脑的要求和期待，没有让我失望。做工非常精，屏幕的清晰度感觉是笔记本里最好的了。就冲苹果坚持用16：10的屏幕就要支持他。大家都知道16：9得屏幕成本底，大家可以看一看，市面上除了苹果几乎都是16：9的屏幕天下。但是对于看文字就是折磨了，因为扁而长嘛，16：10就不一样了，看起来高高的，偏方正。很舒服。,2017-06-20 18:29:48,4331185,2017-06-18 01:28:11,5,善***0,PLUS会员,True,来自京东iPhone客户端
39,10930942357,5225342,9cfe2064-6e70-478a-970b-a5b302a0a88b,这电脑就是好啊，高级，双十一买的的，优惠了800元，先用用，以后再做详细评价,2017-11-06 11:47:40,5225342,2017-11-05 15:25:57,5,j***y,金牌会员,True,来自京东iPhone客户端
40,11496960277,5225342,c2fa9f07-36aa-4b7e-bf7f-537ca6c8957b,非常满意，京东上买macbook比实体店便宜多了，主要是可以分期，哈哈。每个月还一点无压力。以前用的win10，最近工作了，代码一天敲到晚，发现公司好多大牛都是macbook，不说性能上的，光看着代码，敲代码的舒服度都不是一个档次的。macbook的屏幕，敲代码，敲一天眼睛都不累，我之前的电脑敲一会，眼睛就不行了。特别是对于我们这种前端开发来说，能看清楚颜色值，真的很需要屏幕好的。再者，天天坐地铁，背着mac一点都不重，不累肩。一句话总结了，程序员应该对自己好点，身体是革命的本钱，mac程序员必备。,2018-05-18 20:14:20,4335099,2018-05-10 00:29:41,5,cc小超超263686,PLUS会员,True,来自京东Android客户端
41,10983198880,5225342,fa28c1ad-dbb3-4313-874e-89bfaa049002,首先，京东自营苹果官方旗舰店的货源，发票、牛皮纸箱、苹果原包装盒、系统参数、官方的注册码时间和保修情况全部没问题。其次，苹果电脑的机械和电子结合的工艺非常复杂，同时非常美观漂亮，深空灰让人欲罢不能。价格方面512G有点小贵，但为了双系统给老婆用得爽，也就买了，买了电脑还不行，雷电3不能直接用，配套转换器也得撸，然后是苹果二代鼠标、incase的内胆包、铝鼠标垫、散热架、双肩包，这一套下来非常完美。最后，这电脑送老婆，我还是用回我的外星人。（唯一不高兴的是7号买，9号就降价150，申请了价格保护要回了100，还有50券被各种理由不补，虽不查那50，但被套路了的网页宣传写什么与双十一同价，降价补差，看着就是恶心）,2017-11-17 14:30:47,4335101,2017-11-07 16:34:46,5,c***n,钻石会员,True,来自京东iPhone客户端
42,11687842602,5225342,6959a9b3-628b-4a04-b634-d49be69bc8eb,太给力了，周六买的活动价，第二天周日到的，第一次用苹果电脑，本来预期就大，结果收到了，既然超出我的预期，本子颜值很高，也很薄，做工非常好，按照步骤激活之后查看保修期是新的，之后熟悉了一下电脑，屏幕非常给力，看过这个我再看我之前的电脑简直没法入眼，苹果屏幕果然不是盖的，还有就是非常大的触摸板，完全不需要鼠标了，操作非常方便，总结总之各种好。,2018-07-09 19:08:13,4335099,2018-07-07 16:20:39,5,j***f,PLUS会员,True,来自京东iPhone客户端
43,11448041034,5225342,20456038-0214-4310-9764-1b6e1e06e1b7,首先要赞一个快递服务，我本来选的是最晚的京准达，结果回到家还是很晚了，后来快递小哥在晚上九点多的时候又跑了一次，态度很好。其次，很久以前就想买苹果的笔记本了，但是一直以来都觉得比较#，而且非常贵，现在因为工作上的原因，我会用到笔记本，所以一咬牙买了，拿到手就是惊艳，太艺术品了，系统很流畅，安装了office后，基本上除了不能玩游戏剩下的都可以，玩游戏的话我自己组装的大台式吃鸡完全不在话下，不用安装双系统，触控板很棒，基本告别鼠标了，值不值不说，光就产品来说很满意,2018-05-02 14:34:58,4331155,2018-04-26 23:40:03,5,H***g,PLUS会员,True,来自京东iPhone客户端
44,11438680322,5225342,a343c517-521b-4a24-9821-80f75953257a,买苹果本要是拿来玩游戏可太睿智了,2018-04-28 22:32:28,5225342,2018-04-26 16:12:39,5,浮***4,钻石会员,True,来自京东iPhone客户端
45,11594064585,5225342,0d40d1c1-10a3-4f87-9338-5352a36194e2,带bar和不带bar的犹豫很久，最后还是选了带bar的，用了两周，不后悔，这个对于不爱用快捷键的人还是很有用的，很多操作一键搞定，比如网易云音乐的红心?，还有调节音量和亮度等，都非常方便。macbookpro心水很久，这次本来也打算换本本，干脆买个好的。买来用了两周还是很满意的。屏幕没得说，一流的，散热，电池耐久，触摸板，系统流畅度，自带的@，还有最重要的颜值，都杠杠的。苹果的细节把控确实高出别家几筹，很多用户没考虑到的它都考虑到了，用户体验超出了预期。值得吐槽的一个是没有u口，这个有点太超前了，还有就是稍微有点重。,2018-06-15 02:40:27,4335099,2018-06-01 01:43:45,5,j***狗,PLUS会员,True,来自京东Android客户端
46,11088545101,5225342,0e5c2506-8582-4e06-97e3-232d66b1e7ae,没咋看，看有活动就买了，然后领了12期的券，同事们买的pro，问了一嘴感觉有bar的比较鸡肋就买的这个，,2017-12-20 00:00:14,5225342,2017-12-13 00:02:06,5,w***l,PLUS会员,True,来自京东iPhone客户端
47,10969360701,5225342,3bd763cf-e50f-40ec-bed5-14a02d88186c,简洁大方美观，屏幕效果真赞，物有所值。唯一不好的就是上面有一个黑点，还以为掉漆了，用酒精擦了一下还是没怎么擦干净，电池循环2次，未激活使用，电子产品在京东上买还是放心很多，就是这几天快递糟心了，昨天等了一天没到，今天去分站自提的。,2017-11-14 14:58:09,4331153,2017-11-11 00:13:59,5,以***天,PLUS会员,True,来自京东iPhone客户端
48,11483610092,5225342,fb81633f-1d79-4562-ba84-c76df994e169,电脑不错，音质也很给力，唯一不满的收到后感觉太小，未开箱激活，想换个大尺寸的，京东以各种理由推辞不让换，感觉像是强买强卖，让人心里不舒服&hellip;,2018-05-14 16:22:32,5225342,2018-04-10 19:12:37,5,湖***少,PLUS会员,True,来自京东iPhone客户端
49,11441569812,5225342,dfd2556c-9c94-4461-96ee-6c94b443d840,奔着品牌去的，第一次买Mac，开本的瞬间也有激动，颜值没得说，做工一流，高端商品物流也是相当给力，操作系统正在熟悉中，目前很满意，后续待评！,2018-04-30 07:01:01,5225342,2018-04-26 14:34:38,5,妃***扈,金牌会员,True,来自京东iPhone客户端
50,11525113577,5225342,3494702a-ee1f-4003-9a2d-fffc74e9ee43,很喜欢的电脑,2018-05-27 16:33:34,5225342,2018-05-25 23:17:21,5,t***k,PLUS会员,True,来自京东iPhone客户端
51,11370361951,5225342,1f6e1dec-9efd-4d8b-927c-c3ba8b31cfa1,第一次购买苹果，机子非常漂亮，速度快。京东商城自营，品质保障，推荐大家在京东商城自营店购买商品。正在测试阶段，等使用一段时间再来评价。,2018-04-04 19:24:40,5225342,2018-04-03 22:50:13,5,新***5,钻石会员,True,来自京东Android客户端
52,11372622006,5225342,f0fc98fb-b484-46d5-8c43-42149b820292,客服服务挺好的，出了点小差错。不过问题不大，东西还可以。另外京准达就有点无语，算了，看在客服mm一直耐心解答问题上，也还好,2018-04-05 17:38:02,5225342,2018-04-01 11:09:18,5,咸***2,PLUS会员,True,来自京东Android客户端
53,10523273910,5225342,8ec28856-8b84-449f-9ef9-09e7705217cc,东西很漂亮，先使用看看哈,2017-06-17 22:50:11,5225342,2017-06-13 10:46:58,5,牵手莫相拥,钻石会员,True,来自京东iPhone客户端
54,10987946399,5225342,58854e94-8388-47df-97a1-990a64d853ce,双十一前剁手10288元到手的128G、初次上手Mac OS 系统和Windows还是有些差别、软件没有后者丰富、Windows可能是目前市面上最强是生产力是工具这个应该没毛病、使用过之后才知道灵活性没有Windows强、简单办公以及娱乐当然不成问题、移动便携方面有优势、这个电脑是为特定人群定制的、买它的人也认同它的价值、说得好听点是信仰、就算没那么好用也得忍着、毕竟都买了、这种感觉就像你交了一个异性朋友、乍一看颜值还行、处久了才发现对方那方面不行、但奔着奔着目地去、那方面不行这可如何是好？愁死人了于是反过来安慰自己毕竟对方颜值还行、偶尔还能装个牌面、这样也就释然了。一个月下来心酸的使用体验,2017-11-18 17:57:17,4331151,2017-10-22 23:16:19,5,Master-Deng,金牌会员,True,来自京东iPhone客户端
55,11126222811,5225342,c50bef2d-e90d-4afd-8d98-91545986f838,外观 性能不用说了！主要提一下京尊达，这服务太好了！专车配送，西装革履＋白手套 用手托着！,2018-01-02 20:30:23,5225342,2017-12-07 02:12:40,5,宇***_,钻石会员,True,来自京东iPhone客户端
56,11374980875,5225342,d34c2417-cec1-474e-8b3e-a6cc8e1b22c7,电脑很快，很流畅，屏幕很棒！分辨率超高！无坏点，只是刚开机电源循环次数就有5次，客服解释说出厂测试，属于正常范围，总之电脑用起来很不错！,2018-04-06 16:05:57,5225342,2018-03-31 17:58:23,5,E***9,钻石会员,True,来自京东iPhone客户端
57,11443509473,5225342,2b897c2e-e59f-4d3a-97e7-8b746bc3eb43,"在京东买成钻石了已经，这次真都想给个零星。
第一次的本出现了花屏（看视频/开盖），当时由于手头工作较忙在单位用win机器做开发，使用该mac的频率很低，确认花屏的时候已经到了购买后第15天，致电京东告知我要么返回京东做7-15天检测，要么去本地苹果售后做检测，由于就要出差外地正是用本的时候，就在本地售后做的检测，坐标石家庄东方大厦，这是一家Apple Premium（比较优质）的售后，拿去检测一天答曰一切正常，没办法只好返回京东检测，好在一周左右后给我换了。
担心的还是发生了，如果说第一次是小概率事件，是我中奖，那么第二次真的无法接受，底面拆机接缝处的小痕迹，左侧印象细微的磕痕我都可以说服自己这是无所谓的事，但是使用一个半小时死机什么鬼？（只打开chrome的情况下），第二天F11（音量减小键）连击，看视频中自动静音，自动最大音什么鬼？
基于此我申请了退货，但京东的几个客服反复以强硬的态度告诉我依然两个选择，要么去售后检测，要么返回京东7-15天的检测。
至此距我第一次购买已经一个月了，耽误时间的什么就不说了，真是被这事恶心到了。
是的，京东是大厂，就给你发次品你能咋地，都是间歇性都奇",2018-04-30 20:43:06,4331151,2018-04-01 20:59:11,1,忽***春,PLUS会员,True,来自京东Android客户端
58,11588258517,5225342,73a51064-eacf-4ea8-811a-fe692d6956d9,整体而言，非常棒！京东非常给力，包装足见成熟。绝对是正品。一年前改用苹果电脑MacBookpro，自此觉得其他电脑如粪土。这次换心，感觉如下1. 接口问题，完全改变了之前的接口，统一了。个人觉得有优有缺。短期看，不另买新线没办法给苹果手机充电，没法连接优盘硬盘，不爽；长期看，标准统一是趋势，也是优势。2. 电源线与电脑接口退步了。之前直接磁力吸附，特爽特方便，现在需要插进去，不爽。3. 速度有进步。之前已经很快，现在更精进一步，都成东方不败啦！4. 触控板更牛，之前虽然好用，但处理大规模word文稿又没鼠标时捉襟见肘。现在加大触控板，这一小瑕疵也解决了。不是针对谁，电脑中除了这个触控板和thinkpad的小红帽，其余皆垃圾。5. 键盘牛上天了，特别好用！6. &hellip;&hellip; 后面还回来补充,2018-06-13 15:13:53,4335099,2018-06-12 09:19:11,5,决***毅,钻石会员,True,来自京东iPhone客户端
59,10935738569,5225342,d57a6ef0-4d10-4d28-b622-9130240eb515,这是一次不得已的升级，所获得的体验也是MacBook Pro中最底层的。但是2017款MacBook Pro还是给我带来了巨大的惊喜，一方面延续了固有的优秀试用体验，另一方面在屏幕、触控板上的提升是能够让你愿意彻底抛弃原有的设备的。也有一些方面的改变，比如键盘、接口，需要适应。,2017-11-07 14:21:47,4331151,2017-11-01 23:47:08,5,h***0,PLUS会员,False,
60,11545443820,5225342,107b0bad-429d-499f-9492-7d6af0beeaa1,买了个带bar的pro，主要用于出差办公编辑Excel文件。以前没接触过Mac，买来之后感觉并没有想象中的那么好，可能期望值太高，也或许本人不懂Mac吧。第一个买来就有点问题，后来京东爽快地给换了一个新的。office Excel的mac版用起来真心不好用，经常各种莫名其妙的问题出现，还偶尔程序卡死（但不死机）。touch bar对于我没多大用处，基本摆设了。整体来说，Mac除了轻便，其他感觉还是一般般。,2018-06-02 16:59:17,4331155,2018-04-10 13:56:30,5,轻***风,钻石会员,True,来自京东iPhone客户端
61,11491826064,5225342,f58d5310-27d3-4433-ad22-c8bcdfa4b882,第一次在京东买这样贵重物品！果然没有让我失望～前一天下午下单，第二天上午就收到了！激动得不要不要的～拆开包裹，果然高端大气上档次！哈哈！暂时没有发现有任何问题，看来要慢慢研究研究，第一次用苹果的本！,2018-05-17 09:41:26,5225342,2018-05-15 15:37:06,5,E***s,PLUS会员,True,来自京东Android客户端
62,11373966431,5225342,753726f5-82af-4a29-9c1f-7ac2da8501fb,MacBook收到几天了，从打开来看到的第一眼，就爱不释手。做工是非常好，键盘打字的感觉也是特别棒。中间触摸板太强大了，基本上不用鼠标就可以完成页面切换了。京东上的价格比实体店便宜了*块钱。五星好评！,2018-04-06 09:55:16,5225342,2018-03-08 10:19:09,5,兰***盟,PLUS会员,True,来自京东iPhone客户端
63,11558215222,5225342,683189ff-405f-4fac-83f8-d87fa85605c9,"买来送妹子的，希望能提升一下她工作的乐趣！在体验店用了好多年苹果电脑的我当打开新电脑居然不会用，?，什么都找不到，事实证明体验店真就只能体验一下！
对于这电脑，屏幕很出色，比我自己用的好很多，很适合观看视频和图像处理，音响效果也不错。启动速度非常快，居然比我手机还快！
不足之处在于，机器太棱角分明了，有点硌手。就不能来点圆角处理一下吗？我这普通包估计来回装几次就坏了！",2018-06-05 18:40:14,4335021,2018-06-05 09:07:15,5,牛***导,PLUS会员,True,来自京东Android客户端
64,11035344783,5225342,434b5e1a-1236-4329-b3a5-e3c6a227e0c0,不愧为颜值担当，比起一贯的银色机，灰色显得低调奢华有内涵，对于一个苹果电脑小白来说，只要是玩过n年ios的系统，上手也是很容易的，但是因为工作需要好多软件不是app没有就是收费昂贵，最后不得不选择了虚拟机?，找对商家很便宜就可以搞定，而且新版切换起来也是相当方便，免得别人说俺拿着苹果笔记本却操作着win系统特别low，装逼的时候咱就用mac，啦啦啦你能把我怎样?。特别注明一下，记得下单的时候同时把鼠标和ty-c转换器也一起买了，不然用一半发现挖槽没法链接u盘，然后等一天快递小哥又会来给你送一下，等连上了u盘又发现，挖槽我还需要一个蓝牙鼠标，总之如果不是画图的话苹果鼠标还是不太习惯。说实话mac的系统用起来真是方便可爱，触摸板也是相当的功能强大，意外的发现双十一搞的锤子手机的充电器还能充电脑?,2017-12-02 20:38:30,4331185,2017-11-27 20:15:47,5,k***t,PLUS会员,True,来自京东iPhone客户端
65,11218552652,5225342,ae214ab9-254e-4283-81de-7eb4c8cd03fe,略有缺点，总体评价还行。,2018-02-04 13:07:29,5225342,2018-02-03 10:34:22,5,L***8,金牌会员,True,来自京东iPhone客户端
66,11266495831,5225342,e7ed7bbb-d0b0-49b6-8287-ec9c264312ca,宝贝到了，用了很多天才来评价，真的好用，而且比实体店便宜?功能很多，就是好用,2018-02-27 17:00:41,5225342,2018-02-11 13:06:10,5,l***6,钻石会员,True,来自京东Android客户端
67,11226846610,5225342,4a58cb46-362e-47bb-94bd-58d7ac1793b0,非常不错，相信京东，品质无与伦比，强烈推荐给大家！,2018-02-06 21:28:09,5225342,2018-02-02 00:06:26,5,黄***木,PLUS会员,True,来自京东iPhone客户端
68,11358067694,5225342,a3f3a57a-657a-493d-a09b-2a84cb300914,很好用(??)超级好用，一直想买，超级喜欢哇哇哇,2018-03-31 13:11:34,5225342,2018-03-30 22:50:18,5,j***n,PLUS会员,True,来自京东Android客户端
69,11178234608,5225342,887d4242-a7e7-4c7e-9d5d-d04bb5742f53,电脑非常喜欢，我觉得深灰色的颜色非常适合小女生啊，哈哈！很酷很酷！关键是小哥哥开车穿西装，打领带，白手套送货上门的哦！不错不错！非常不错啦！,2018-01-21 20:08:29,4331151,2018-01-17 00:07:38,5,我***菜,PLUS会员,True,来自京东Android客户端
70,11462974487,5225342,d0eacb90-ae28-45d8-aa54-6436a60dcd5b,用了一段时间啦，现在来评价下吧。苹果?的做工真的没的说，打开一瞬间被工艺惊艳到了，颜色漂亮外观大气性能给力。虽然装了双系统但会慢慢适应ios系统，觉得还是原生态系统好用。影音效果超级给力，颜色艳丽，音响效果很好，就是暂时还没买移动硬盘哈哈，准备入手啦。买的时候很肉疼纠结，好在女票对我说:现在不买以后更舍不得买了?感谢我女票。???,2018-05-07 16:05:56,4335127,2018-04-16 01:52:31,5,j***3,金牌会员,True,来自京东Android客户端
71,11251638310,5225342,f27730e4-3a3c-46cc-a9e6-b3374c46e6b9,京东的京尊达非常给力，快递小哥态度特别好，另外电脑包装到位，当然，关键是电脑，pro的确名不虚传，小巧，系统流畅，一点也不后悔多下了血本买了touch bar的，一二五八八到手，实际尺寸比13.3英寸的略小。希望给大家一个参考。,2018-02-20 09:31:24,4335099,2018-02-08 10:43:51,5,j***7,钻石会员,True,来自京东iPhone客户端
72,11242313115,5225342,5920cc9d-42d6-4caf-bf08-d9dfa0955acb,搞活动买的挺便宜的   店里11588   很好,2018-02-12 15:18:24,5225342,2018-02-07 10:09:06,5,辉***血,PLUS会员,True,来自京东iPhone客户端
73,11137969618,5225342,4f68abc7-9309-443d-97ab-d37e633b4441,收到了，就是不错，非常喜欢，在安装相关软件,2018-01-07 11:29:28,5225342,2018-01-03 14:03:38,5,w***i,PLUS会员,True,来自京东Android客户端
74,11366153945,5225342,59fc62b3-5446-4bfc-890a-db70a7f19e1d,很快就收到货了，机子没啥问题，本本也超美的，运行速度也不错,2018-04-03 10:39:55,5225342,2018-02-14 12:56:11,5,j***豆,金牌会员,True,来自京东Android客户端
75,11154312261,5225342,303a7787-9a44-40e9-84a2-8438776a39b2,速度很快，一天了就收到宝贝了！开始在官网一直查不到保修期，今天早上终于查到了，居然是英文版的，哈哈哈！本本真的好棒，感觉就是艺术品，显示效果一级棒！但是真心觉得macbook pro里面的app实在太少了，看来真的只能拿来上网，办公还是得普通笔记本！不过还是很开心，就当自己的新年礼物啦！,2018-01-13 10:44:25,5225342,2018-01-11 12:16:57,5,w***7,PLUS会员,True,来自京东Android客户端
76,11224341806,5225342,908e6cd3-4b6f-4a72-b7bf-f36284fe4d21,"之前在京东买过很多大件，也买过电脑但是mac是第一次，原因呢是觉得第一比其他地方还是要优惠一些，第二呢京东品质还是有保障的毕竟是大的电商，第三呢则是运输速度很快。基本上是第二天就到了。对于贵重物品还有专门的验证码、保证能够顺利送达到客户手里，送到的时候包装有些许破损，但是在送货员的共同开启下，里面的没有问题。
到家打开了之后发现，是熟悉的苹果包装，简洁而又精致，立刻拆包装，是原装的正品，第一次启动，电池循环次数为0。屏幕很棒，续航能够有8个小时左右、因为定位于移动工作电脑和生产工具，基本上也不会有运行大型游戏的可能，因此很满意
mac的系统之前没有用过，所以有些不熟悉，很多耳熟能详的快捷方式也不怎么适用于新系统，不过熟悉了是真心的很顺畅好用，还在持续熟悉中间，希望能够发挥出很大的作用。",2018-02-06 08:30:53,5225342,2018-01-29 22:13:07,5,乐***8,PLUS会员,True,来自京东iPhone客户端
77,11101473813,5225342,a5777d6c-bc93-435f-ac09-b8f5cfc2ba97,尊享达送货上门，昨天体验了一天来写评论。太棒了！超赞！还能免费上wai wang，本本做工细节一流，也墙裂推荐带bar的，就是**比这便宜2k，有点不舒服。,2017-12-24 16:33:48,4331155,2017-12-22 22:33:27,5,岸***4,PLUS会员,True,来自京东Android客户端
78,11325285168,5225342,ecc87840-e3c3-4f74-9f44-73aa01803395,这质感真的不一样的，穿西装的小哥送过来的，还帮我拆箱子什么的，早上订的下午就到了，完好无损没有被拆开过或者动过的痕迹，送的包还可以，具体用一段时间之后再做评价,2018-03-19 23:29:19,5225342,2018-03-19 09:25:23,5,t***8,金牌会员,True,来自京东Android客户端
79,10812679802,5225342,d61502c9-8b37-4f6a-b32f-41b524632bfd,完美，电脑音质特别好，除了买的时候，心在颤抖,2017-09-25 21:37:59,4335127,2017-09-24 22:03:53,5,我***啊,PLUS会员,True,来自京东Android客户端
80,11276545447,5225342,c12ec31f-224f-4493-bc98-066c5875d72b,颜值很高，用起来非常流畅的,2018-03-03 11:18:42,5225342,2018-01-02 00:04:43,5,J***e,PLUS会员,True,来自京东iPhone客户端
81,11396680395,5225342,b3f053d3-f336-4f12-a71a-b2ac05a039ff,还可以吧，用来做量化编程的，希望一切都好,2018-04-14 12:14:45,5225342,2018-04-13 18:17:28,5,托***斯,金牌会员,True,来自京东Android客户端
82,11204302103,5225342,2473d728-967c-4e5d-9a70-f823cf45555d,经验，需要熟悉一下，用来看视频，没毛病，107九九入手，早买早享受。,2018-01-30 21:45:17,4331185,2018-01-25 18:48:46,5,1***1,PLUS会员,True,来自京东iPhone客户端
83,10938997450,5225342,6a458a23-2c19-4dab-94d4-59604952888c,大概是因为MacBook Pro的外观吸引了我再加上它那独有的Touch Bar让一切都变得更便捷，它的价格一直让我望而止步但还是抵触不了我想拥有它的热情?。最后以20069的价格拿下了15.4的512G版本。充电循环??2次、SSD固态硬盘容量剩余500GB、充电?很快续航能力一般。如果想买的朋友建议不要装windows系统，你可以直接购入win本。这款电脑适合学生以及学计算机专业、广告专业、音乐等领域的专业人士，买来看电视玩玩游戏简直就是浪费，你可以买一个iPad pro10.5或12.9的玩着比这个舒服，再加上工作处理也不错带着上课这些，如果有钱也为无所谓，直接购入趁现在便宜Apple Store教育商店都没有京东便宜。装一套wps要1998&yen;太贵了！适配软件太少！（感觉每次买到苹果的产品都喜欢闻一下新新的味道，这是癖好）哈哈哈?,2017-11-08 10:47:09,4335117,2017-11-03 09:51:57,5,w***g,PLUS会员,True,来自京东iPhone客户端
84,11551094619,5225342,0105ca34-53f2-47b8-9115-c75c4030edb7,纠结了很久还是将15年买的Air换了，果然没有令我失望，操作非常流畅！非常适合轻度办公，音质好到飞起，比Air好用太多了，尤其是完全可以脱离鼠标操作了，最后618的的价格真的超级实惠了。买台电脑而已嘛，用不了那么纠结的，喜欢就好，合适就好。电子产品本身就是用来工作赚钱的工具。2-3年更新一回是很有必要的！,2018-06-03 23:51:13,4331151,2018-06-02 17:30:48,5,西***卡,钻石会员,True,来自京东iPhone客户端
85,11292512307,5225342,56467b08-e017-4516-ba1f-c17c6803f51d,2月6日下单，次日达，保修日期至2019.2.6，开封的那一瞬间真是爽呐～外观圆润，超薄，只是办公软件和ps不太方便，仅作消遣娱乐用不错，也没配鼠标，工作还是用上班时间用pc电脑办吧哦吼吼,2018-03-08 19:51:11,4331153,2018-02-06 11:04:22,5,我***名,PLUS会员,True,来自京东iPhone客户端
86,11707707262,5225342,12800422-2634-488f-827a-3c92135e7799,本子买在618以后，特意用了一段时间才来评价，说一下个人感受吧。设计行业从业者，一直想买个轻薄本，汇报方案、简单调调图、可以看平面图就够了，要求很简单。为什么最后选了它，也很简单～逼格和系统，简单省心。买之前也纠结过要不要等等新款，后来想想自己的用途，性能高低对我没什么意义也就释然了。裸机一枚，没贴膜没包壳，就一个送的内胆，公文包一放完事。最后说一下，京东快递很好，快递小哥很赞！,2018-07-15 20:43:28,4331155,2018-06-27 22:05:45,5,壹***狮,PLUS会员,True,来自京东Android客户端
87,11013664281,5225342,7918c131-eea1-4f27-9e0a-6bb03514fc13,用了几天才来评论的，用起来很快，外观也很好，就是不知道是不是因为自己重度使用，电池消耗的很快，在过一段时间在看看是怎样的,2017-11-25 22:13:43,4335099,2017-11-22 17:03:43,5,宝***1,PLUS会员,True,来自京东iPhone客户端
88,11070583632,5225342,b8322ff0-e65f-44d1-a801-ad006ac13fc8,超级棒！看了一个多月，终于在双十二买啦，还在熟悉当中～不过真的超级超级喜欢，爱死啦！为了它，得吃几个月的土啦?,2017-12-14 12:36:06,4335127,2017-12-12 06:12:35,5,A***蒙,钻石会员,True,来自京东iPhone客户端
89,10925377451,5225342,81e80472-1727-493c-9bc2-efa99daeeb13,第一次买这么贵的电脑 但是还是物超所值的 感觉还是macos系统好用 那些玩游戏的 劝你还是买Windows系统吧,2017-11-04 21:20:52,4335117,2017-11-03 11:01:29,5,j***7,PLUS会员,True,来自京东iPhone客户端
90,10950945507,5225342,7f17b597-72db-4280-b89e-596f289f3417,显示屏幕比之前买的air好太多，触摸板手感极佳，赶紧买吧，早用早享福。到手价不到约9k.,2017-11-11 08:42:38,4335021,2017-11-07 17:19:57,5,忧***士,钻石会员,True,来自京东Android客户端
91,11202772499,5225342,dbebda39-fc2d-4eb5-951a-519cd69a3e54,昨天下单，很快收到货，大雪天辛苦快递小哥了，年货节*秒杀，现在的笔记本是大一入学买的，到现在9年了，也到年限了。一直留意这款电脑，工作有积蓄了当作新年礼物了。电脑很漂亮，显示效果秒杀其他型号，就是刚开始用，还不是特别喜欢，慢慢来会好的，个人文档写的很多，需要家学校两地跑，重度Office使用者，电脑很便携，希望能带来更高的工作体验和效率，2018加油加油！,2018-01-30 14:09:15,4335021,2018-01-29 13:36:09,5,d***u,钻石会员,True,来自京东iPhone客户端
92,11198097598,5225342,5ebca329-2eda-467e-ab88-71897e19d6e9,惊艳！颜值整体设计没得说，真材实料，Retina显示屏真棒?7代酷睿CPU，电池也挺耐用的，至于发热个人觉得还可以，完全能接受，音质完美，Mac OS很流畅，就是用惯了Windows，还得习惯习惯，相信京东自营，物流没得说，快，推荐?,2018-01-28 21:01:02,4331151,2018-01-25 23:42:37,5,1***e,金牌会员,True,来自京东iPhone客户端
93,11722434068,5225342,3d7be277-1dda-45b2-b28a-402f7573a4eb,以前没注意京准达服务，买这个下单时候，还必须要我选送货时间，遂生厌。早上8.30分刚把衣服穿上，电话就来了，可能我离大库进吧，小哥一口服务腔远比之前三轮小哥更专业，到了一看，小哥开一辆黑色喷有京东logo的帝豪，着实让人惊讶不已，心下暗道：京东这么牛了现在？！毕竟平时都开蹦蹦。上前表明身份，小哥打开后备箱，一摞儿黑红相间的盒子显现出来，最上面的盒子同样印有京东logo。只见小哥顺手拿了最上面盒子问道：是否打开验货？答：不必了。小哥仍四下展示示意包装完好，并道：如有破损仍可联系云云。收起盒子向家中走去，途经一早食店，稍作停留并吃了两个包子，一个茶叶蛋，还有一碗稀饭。酒足饭饱，扫了店家二维码结账，不敢耽搁，便继续向家中疾行，不消片刻既至家中。急急打开盒子，只见黑盒子封口处有京东奢侈品封签，撕掉并拿去黑色盒子，里面仍套有稍小一圈的普通纸盒，继续打开，电脑的自带包装这才漏出庐山真面目，不消多说，打开包装，翻盖，未及按下电源按钮，屏幕竟然直接亮了？好在官网查询后没什么问题。使用后感觉发热明显，续航不足 ，除了配置高点，屏幕好点，还不如15款的air，继续观察吧,2018-07-20 09:32:48,4335021,2018-07-18 22:28:31,5,c***0,PLUS会员,True,来自京东iPhone客户端
94,10743797618,5225342,564a1c11-8760-4bda-ac4b-a37583e803cd,很不错 特别的舒服 果然一万多的东西就是不一样 以前还没有想过要换这么好的电脑 感觉自己一天游手好闲的 给我也是浪费了 哈哈哈。,2017-08-31 11:15:45,4331185,2017-08-29 17:30:58,5,唐***清,金牌会员,True,来自京东iPhone客户端
95,11632450956,5225342,d0ace0bd-05c4-4c2c-a3c4-675617dd8e99,声音真的很棒 ，比iPad pro还要有感觉，?东现在学乖了，618当天的价格也和6月1至6月17的最低价一样了，估计是怕保价的太多吧！618没买的童鞋可以在观望一下 wwdc没出新款，9月份肯定要出新款的 ，可能有8代6核的cpu的.,2018-06-23 15:22:25,4335117,2018-06-06 00:37:41,5,Z***森,PLUS会员,True,来自京东iPhone客户端
96,11093939396,5225342,8f2a98cb-24b7-4b04-a09e-a3c2cf98f32c,研究好几个月啦，单位电脑太卡，干活不方便，本子不错，头一回买本子，就买个最好滴，用的不错，2??万0??8??8??到手，用的就是爽，这回上班也不愁啦，,2017-12-21 20:45:21,4335117,2017-12-13 01:12:47,5,小***健,PLUS会员,True,来自京东iPhone客户端
97,11384230288,5225342,7cd4a9c5-403a-4d88-89fb-a46345e53479,包装很简洁，不过足够了~机子完美啊！老婆完全是冲着颜值买了这款，性能大大超过需求~用起来心情好就超值~老婆高兴就好~,2018-04-09 22:01:34,5225342,2018-03-29 21:33:42,5,x***s,PLUS会员,True,来自京东Android客户端
98,11518615802,5225342,9a8f18ca-1a7c-48ac-9154-5da79185dd50,这是我网上买过最贵的单品了，非常爱不释手，怕划了，还买了一堆保护措施，配上保护膜鼠标外壳什么的又花了一千来块，再配个超级棒的鼠标，个人觉得这个鼠标比苹果鼠标好用，希望我的完美维护，几年后包膜撕下来还跟新的一样！这个电脑非常好用，发货超级快，我半夜下看到19500的单，竟然早上起来就送到了！京东真是大神啊！,2018-05-25 15:07:05,4335117,2018-05-21 22:29:52,5,小***鱼,PLUS会员,True,来自京东iPhone客户端
99,11654272496,5225342,fb724a07-875f-43b6-832c-14c67bde8ae6,买后降价了，屏幕太小，想买大点的15.4，慢慢习惯系统中，很多不一样............................................................................,2018-06-29 15:15:12,4331185,2018-05-22 15:04:50,5,***毅,金牌会员,True,来自京东iPhone客户端
100,10839837434,5225342,fa682d3a-d96f-4292-a3a8-15d627d747d9,给媳妇买的办公本，媳妇喜欢拍照，修图，平时也就看看电影，用下office应该是满足要求，蓝牙连不上手机是因为手机系统没升级，其余的还在摸索，触摸板很方便，基本可以脱离鼠标，话说，颜值就是王道！,2017-10-07 10:17:11,4331185,2017-09-26 22:20:33,5,墨***天,PLUS会员,True,来自京东iPhone客户端
101,11647709915,5225342,446d2a49-048b-4f09-8eb5-2ad5fd56c880,苹果的东西没得说，工艺品级设计，touch bar的加入，操作更方便快捷（美中不足的是耗电有点厉害，待机时间较老款要少30%甚至还多），新pro键盘更薄，手感更舒服，长期打字都不觉得很累，顺便表扬下东东，送货速度杠杠的！??,2018-06-27 16:11:13,4331155,2018-06-11 13:42:04,5,a***u,钻石会员,True,来自京东iPhone客户端
102,11435353703,5225342,ef645020-bd19-4e9b-8089-0abfd099939f,京东快递一如既往的快，基本就是次日达；电脑包裹得比较好，应该是正品原封，苹果的工业设计确实不错，有touch ID，触控条功能很nice；另外真的如大家所说，在视频程序里播放视频苹果有免广告功能，苹果电脑独有的福利！,2018-04-27 18:48:22,4335099,2018-04-26 22:29:09,5,j***e,PLUS会员,True,来自京东iPhone客户端
103,11487327887,5225342,888ed02d-cfd4-4887-bae0-002b9c5b72b7,五月14号买的。也就是昨天买的。盒子包装所有东西齐全我对电脑一窍不通本以为买来可以自己学可是太难了没耐心~,2018-05-15 19:24:01,4335127,2018-05-12 16:44:53,5,j***d,金牌会员,True,来自京东iPhone客户端
104,11661002853,5225342,78365a07-38bb-41d8-980d-a1a2fbdd1ce8,还是挺可以的，苹果系统很不错，用起来很爽，不过建议不要买128的，真的不够用，还有就是QQ和微信只能同时登录1个，不能登录多个，这个是系统的限制，最后说一下，触控板，触控手势真的很好用哈哈。,2018-07-01 16:15:14,4331151,2018-06-12 10:16:07,5,C***L,PLUS会员,True,来自京东iPhone客户端
105,11261201375,5225342,48e33925-6009-46ca-9327-c92cfc864fba,电池循环一次，屏幕会把我的眼镜惯坏的！除了风扇声音大了点！其他都很不错！开始会担心OS系统不好用，一个小时后决定不装双系统，OS很流畅！音响一级棒！真的是一分价钱一分货，我应该多加点钱买大内存的！,2018-02-25 15:02:39,4331151,2018-02-23 18:51:10,5,行***墨,PLUS会员,True,来自京东Android客户端
106,11077768887,5225342,c9465b9e-c196-42e9-98e0-8ce6ebf6c219,双12买的，第一台mac，刚开始用还不太习惯，用了几天就会慢慢习惯了，分辨率很高很清晰，用腾讯或者爱奇艺看视频都没有~，这是mac的一大亮点吧，哈哈哈，总之用起来很好，建议不要拿来玩游戏，毕竟拿来办公比较好，推荐一个小米xiao.mi的外接口，既可以插网线，还有2个U-S-B3.0，一个VGA，一个充电孔，非常赞，比原装的要好多很，还便宜。,2017-12-16 15:40:56,4331185,2017-12-12 11:10:39,5,A***e,PLUS会员,True,来自京东iPhone客户端
107,11312173614,5225342,bb35ccb8-f19d-4dac-be90-c83d16df7bff,"东西不错，没有划痕，查了日期，全新未激活，苹果的原封双层包装，有发票选的纸质，收到还是电子版的，不纠结了！关于产品，针对苹果品牌的，一、你做个笔记本，居然弄的typc口,配套接口少，要转换接口不方便！第二、接口转换也就算了，你不带bar的，就左边两个typec口，一个电源占着了，说不好听的，要么就买一转多的头，要不，同时都不能插2种设备！最后:很多typec转u**口都会和苹果无线网冲突，买几十的typec转u**，不带bar的，我说下冲突是99%的可能性，机器矫情的很，除非买苹果官方的typec转u**，就一个口，139好贵，而且官网选项发票居然有电子收据，你以为那是电子发票就错了，那是收据，你不主动找他们，他们都不补开，我给带税的钱，而且不在乎价格贵，你却把税省下了。人才！居然苹果官网有电子收据和普通发票二选一的选项！",2018-03-15 15:04:46,5225342,2018-03-08 03:30:00,5,网***遇,金牌会员,True,来自京东Android客户端
108,11670913617,5225342,3cfe1db6-d066-40e2-b666-63e936787e04,"暗恋了很久的macbook 拿快递的时候激动极了
真机很美很轻 电池循环了3次 也在官网查了序列号
然后就开始逐步熟悉系统 跟windows很不一样 需要习惯一阵子 期待后续使用!",2018-07-04 14:52:31,4335099,2018-07-01 21:10:53,5,纸***Y,PLUS会员[试用],True,来自京东Android客户端
109,11455372730,5225342,31b1cc19-fbb9-4c93-8c0f-6f3d7fcd79d5,给力，在air和这款之间徘徊好久，最后选了pro，一天到手，到手后果然没有失望，还是一分价钱一分货，一定要在自己的能力范围内买最好的，最起码能用好久，心里还会很开心哈哈，总之不会出错，预算足够必须推荐这款。,2018-05-04 23:42:17,4335021,2018-04-26 10:52:11,5,J***美,PLUS会员,True,来自京东iPhone客户端
